-- MySQL dump 10.13  Distrib 8.0.23, for Linux (x86_64)
--
-- Host: localhost    Database: vk
-- ------------------------------------------------------
-- Server version	8.0.23-0ubuntu0.20.04.1

/*!40101 SET @OLD_CHARACTER_SET_CLIENT=@@CHARACTER_SET_CLIENT */;
/*!40101 SET @OLD_CHARACTER_SET_RESULTS=@@CHARACTER_SET_RESULTS */;
/*!40101 SET @OLD_COLLATION_CONNECTION=@@COLLATION_CONNECTION */;
/*!50503 SET NAMES utf8mb4 */;
/*!40103 SET @OLD_TIME_ZONE=@@TIME_ZONE */;
/*!40103 SET TIME_ZONE='+00:00' */;
/*!40014 SET @OLD_UNIQUE_CHECKS=@@UNIQUE_CHECKS, UNIQUE_CHECKS=0 */;
/*!40014 SET @OLD_FOREIGN_KEY_CHECKS=@@FOREIGN_KEY_CHECKS, FOREIGN_KEY_CHECKS=0 */;
/*!40101 SET @OLD_SQL_MODE=@@SQL_MODE, SQL_MODE='NO_AUTO_VALUE_ON_ZERO' */;
/*!40111 SET @OLD_SQL_NOTES=@@SQL_NOTES, SQL_NOTES=0 */;

--
-- Table structure for table `cities`
--

DROP TABLE IF EXISTS `cities`;
/*!40101 SET @saved_cs_client     = @@character_set_client */;
/*!50503 SET character_set_client = utf8mb4 */;
CREATE TABLE `cities` (
  `id` int unsigned NOT NULL AUTO_INCREMENT,
  `name` varchar(150) CHARACTER SET utf8mb4 COLLATE utf8mb4_unicode_ci NOT NULL,
  `country_id` int unsigned DEFAULT NULL,
  PRIMARY KEY (`id`)
) ENGINE=InnoDB AUTO_INCREMENT=101 DEFAULT CHARSET=utf8mb4 COLLATE=utf8mb4_unicode_ci;
/*!40101 SET character_set_client = @saved_cs_client */;

--
-- Dumping data for table `cities`
--

LOCK TABLES `cities` WRITE;
/*!40000 ALTER TABLE `cities` DISABLE KEYS */;
INSERT INTO `cities` VALUES (1,'North Gaetanoshire',59),(2,'Sawaynview',63),(3,'South Elenashire',39),(4,'Port Karley',6),(5,'Elbertton',11),(6,'Wuckertmouth',38),(7,'Padbergfurt',54),(8,'West Gail',55),(9,'East Minervaview',15),(10,'Groverhaven',10),(11,'West Julienburgh',4),(12,'Emmerichmouth',90),(13,'Rauville',37),(14,'Orlofurt',14),(15,'Jerroldton',59),(16,'Doyleburgh',51),(17,'Elmershire',77),(18,'Dallaschester',32),(19,'Erichland',27),(20,'East Kevinview',41),(21,'Pascalemouth',23),(22,'East Kaiaborough',93),(23,'Port Jairoburgh',93),(24,'East Bonita',87),(25,'Kielchester',57),(26,'Lake Georgianaborough',22),(27,'Curtfurt',37),(28,'Metamouth',19),(29,'Ansleymouth',83),(30,'Rosettatown',60),(31,'Murazikhaven',48),(32,'Aliyahberg',59),(33,'West Lorenzo',50),(34,'Hopefurt',72),(35,'Port Alyshafurt',10),(36,'West Emie',33),(37,'Elviebury',36),(38,'Guadalupeburgh',80),(39,'Cassinbury',92),(40,'Noraburgh',20),(41,'Port Kattie',21),(42,'Marcellechester',46),(43,'Metztown',68),(44,'South Stephenview',100),(45,'Lake Roscoefort',94),(46,'Dickinsonview',71),(47,'Durganchester',72),(48,'Stanberg',46),(49,'Port Daphneville',14),(50,'Port Chelseaside',31),(51,'Weissnatland',12),(52,'West Shanelport',69),(53,'New Mafaldachester',7),(54,'New Elwin',26),(55,'Port Leoneton',11),(56,'Lucybury',75),(57,'West Ginoside',42),(58,'Dickinsonbury',86),(59,'North Mckennaton',3),(60,'South Savanna',58),(61,'Linneaberg',78),(62,'O\'Reillyville',16),(63,'Breitenbergview',47),(64,'Dickensstad',83),(65,'Blockstad',77),(66,'Lake Britney',36),(67,'Kaceybury',47),(68,'Wehnermouth',25),(69,'Powlowskiport',87),(70,'Delphinestad',56),(71,'Wilhelminetown',20),(72,'Wittingbury',33),(73,'Uptonville',4),(74,'West Verdie',22),(75,'South Asia',96),(76,'North Sabryna',16),(77,'Lake Hilda',88),(78,'Elizaview',95),(79,'East Jayda',8),(80,'Larissaton',53),(81,'Kihnburgh',42),(82,'North Blazeburgh',51),(83,'Anikaland',30),(84,'South Moshe',96),(85,'South Dudley',90),(86,'Mayside',60),(87,'Krischester',28),(88,'New Mavis',62),(89,'Bernierland',27),(90,'Reichelside',45),(91,'New Erickville',45),(92,'Dooleyborough',91),(93,'West Napoleonburgh',20),(94,'South Sherwoodport',26),(95,'Port Bufordport',67),(96,'Cassinland',59),(97,'Wildermanchester',93),(98,'Fredrickfurt',87),(99,'Rasheedhaven',55),(100,'North Lancechester',13);
/*!40000 ALTER TABLE `cities` ENABLE KEYS */;
UNLOCK TABLES;

--
-- Table structure for table `communities`
--

DROP TABLE IF EXISTS `communities`;
/*!40101 SET @saved_cs_client     = @@character_set_client */;
/*!50503 SET character_set_client = utf8mb4 */;
CREATE TABLE `communities` (
  `id` int unsigned NOT NULL AUTO_INCREMENT COMMENT 'Идентификатор сроки',
  `name` varchar(150) CHARACTER SET utf8mb4 COLLATE utf8mb4_unicode_ci NOT NULL COMMENT 'Название группы',
  `created_at` datetime DEFAULT CURRENT_TIMESTAMP COMMENT 'Время создания строки',
  `updated_at` datetime DEFAULT CURRENT_TIMESTAMP ON UPDATE CURRENT_TIMESTAMP COMMENT 'Время обновления строки',
  PRIMARY KEY (`id`),
  UNIQUE KEY `name` (`name`)
) ENGINE=InnoDB AUTO_INCREMENT=101 DEFAULT CHARSET=utf8mb4 COLLATE=utf8mb4_unicode_ci COMMENT='Группы';
/*!40101 SET character_set_client = @saved_cs_client */;

--
-- Dumping data for table `communities`
--

LOCK TABLES `communities` WRITE;
/*!40000 ALTER TABLE `communities` DISABLE KEYS */;
INSERT INTO `communities` VALUES (1,'РИА Новости','2019-08-09 05:19:45','2021-05-04 17:01:51'),(2,'Men`s Health Россия','2019-01-26 06:20:14','2021-05-04 16:35:33'),(3,'ВОЗ','2015-08-20 13:46:39','2021-05-04 16:57:03'),(4,'Телеканал ТНТ','2016-07-27 04:34:31','2021-05-04 16:39:39'),(5,'Euronews','2011-05-20 11:51:11','2021-05-04 16:39:41'),(6,'СтопКоронавирус.РФ','2012-01-09 09:24:03','2021-05-04 16:56:39'),(7,'СССР','2018-08-07 22:30:26','2021-05-04 17:01:49'),(8,'Спорт ВКонтакте','2015-06-27 07:17:00','2021-05-04 16:56:42'),(9,'Кино ВКонтакте','2015-12-06 09:03:04','2021-05-04 16:56:43'),(10,'Музыка ВКонтакте','2019-08-20 12:53:03','2021-05-04 16:56:44'),(11,'libero','2020-06-07 05:59:38','2020-11-07 04:23:57'),(12,'vero','2020-04-16 15:20:50','2020-04-30 01:32:25'),(13,'fugit','2015-06-17 04:27:09','2020-08-14 17:49:13'),(14,'repellendus','2011-12-02 04:05:56','2020-08-25 09:35:31'),(15,'id','2013-07-04 10:41:58','2020-10-03 10:32:28'),(16,'quos','2016-07-26 00:03:57','2021-01-10 18:10:38'),(17,'eos','2021-01-31 19:30:39','2021-05-04 16:19:47'),(18,'occaecati','2013-09-30 08:10:30','2021-01-09 21:47:28'),(19,'minus','2015-11-05 10:02:33','2021-03-16 06:52:21'),(20,'dolores','2018-03-23 00:20:46','2020-05-20 19:16:53'),(21,'earum','2019-01-25 14:16:50','2021-01-05 09:08:55'),(22,'officia','2013-02-04 10:49:48','2020-11-23 03:00:04'),(23,'autem','2014-05-01 16:46:57','2020-10-05 02:49:58'),(24,'ex','2019-01-18 07:59:15','2021-01-02 21:22:43'),(25,'quis','2016-10-03 20:08:32','2020-07-18 09:03:09'),(26,'ipsa','2011-06-27 07:25:06','2020-09-16 11:51:32'),(27,'consequatur','2011-11-14 19:09:15','2020-07-30 11:07:55'),(28,'quia','2013-03-23 22:33:27','2020-05-31 10:52:54'),(29,'aperiam','2017-06-25 22:51:23','2021-01-14 12:28:58'),(30,'ab','2016-05-26 21:50:26','2020-07-20 19:50:44');
/*!40000 ALTER TABLE `communities` ENABLE KEYS */;
UNLOCK TABLES;

--
-- Table structure for table `communities_users`
--

DROP TABLE IF EXISTS `communities_users`;
/*!40101 SET @saved_cs_client     = @@character_set_client */;
/*!50503 SET character_set_client = utf8mb4 */;
CREATE TABLE `communities_users` (
  `community_id` int unsigned NOT NULL COMMENT 'Ссылка на группу',
  `user_id` int unsigned NOT NULL COMMENT 'Ссылка на пользователя',
  `created_at` datetime DEFAULT CURRENT_TIMESTAMP COMMENT 'Время создания строки',
  PRIMARY KEY (`community_id`,`user_id`) COMMENT 'Составной первичный ключ'
) ENGINE=InnoDB DEFAULT CHARSET=utf8mb4 COLLATE=utf8mb4_unicode_ci COMMENT='Участники групп, связь между пользователями и группами';
/*!40101 SET character_set_client = @saved_cs_client */;

--
-- Dumping data for table `communities_users`
--

LOCK TABLES `communities_users` WRITE;
/*!40000 ALTER TABLE `communities_users` DISABLE KEYS */;
INSERT INTO `communities_users` VALUES (1,48,'2020-08-05 14:40:23'),(1,90,'2020-05-19 12:13:38'),(2,35,'2020-11-22 08:02:48'),(2,90,'2020-06-04 18:24:52'),(3,6,'2021-04-07 02:26:25'),(3,34,'2020-05-03 00:09:45'),(3,64,'2021-01-08 23:45:53'),(3,83,'2020-10-17 22:00:30'),(4,6,'2020-05-31 10:50:25'),(4,13,'2020-06-28 10:59:09'),(4,20,'2021-03-05 13:34:05'),(4,46,'2021-03-27 22:02:54'),(4,84,'2021-03-08 23:58:34'),(5,26,'2020-06-05 18:26:08'),(5,34,'2020-12-19 05:44:48'),(6,17,'2020-05-13 04:51:30'),(6,46,'2020-06-25 17:01:15'),(6,57,'2021-04-03 03:49:52'),(6,76,'2020-12-30 13:26:11'),(7,89,'2020-09-06 07:09:45'),(7,92,'2020-11-23 13:14:26'),(8,5,'2020-11-30 19:23:39'),(8,39,'2021-03-20 07:34:50'),(8,81,'2020-11-09 13:18:22'),(8,82,'2020-07-12 08:01:54'),(9,2,'2020-06-03 11:58:51'),(9,48,'2020-06-20 10:27:02'),(9,61,'2021-01-10 02:34:51'),(9,81,'2020-11-29 14:28:44'),(9,85,'2021-01-20 06:03:37'),(10,43,'2020-10-25 21:29:56'),(10,60,'2020-07-27 23:48:10'),(10,85,'2020-09-24 07:56:19'),(10,90,'2020-10-28 02:17:08'),(10,97,'2020-11-21 08:28:34'),(11,21,'2020-11-08 10:42:35'),(11,64,'2020-12-01 14:53:03'),(11,72,'2020-06-25 15:40:00'),(11,80,'2020-08-16 00:56:57'),(11,94,'2021-03-02 17:56:40'),(12,25,'2020-12-28 10:35:02'),(12,59,'2020-12-16 19:15:39'),(12,69,'2021-02-14 16:36:32'),(12,73,'2020-12-17 21:19:54'),(12,76,'2021-03-06 11:03:37'),(12,78,'2020-09-27 04:04:18'),(13,55,'2020-10-12 21:49:09'),(13,80,'2021-02-13 07:47:46'),(14,16,'2021-03-02 16:42:13'),(14,26,'2020-10-12 02:53:41'),(14,41,'2021-04-07 14:20:29'),(14,56,'2021-04-02 09:44:38'),(14,80,'2021-04-12 15:18:29'),(14,98,'2020-07-20 12:27:47'),(15,35,'2020-09-09 03:44:29'),(15,47,'2020-07-05 11:00:13'),(15,73,'2020-05-12 19:51:11'),(15,86,'2020-08-16 08:53:35'),(16,16,'2020-11-15 04:29:05'),(16,18,'2021-01-04 16:42:21'),(16,42,'2020-10-11 11:56:26'),(16,43,'2020-07-05 23:11:16'),(16,55,'2020-08-11 00:48:56'),(17,8,'2020-08-12 07:07:16'),(18,8,'2020-10-17 15:28:17'),(18,31,'2021-02-27 23:10:37'),(18,94,'2020-10-31 17:07:18'),(19,13,'2020-08-09 13:47:25'),(19,14,'2020-11-28 07:32:44'),(19,51,'2021-03-06 03:37:01'),(19,60,'2020-11-21 08:47:49'),(19,92,'2020-07-04 15:22:34'),(20,1,'2020-06-09 00:18:14'),(20,43,'2020-11-14 10:03:26'),(20,94,'2021-03-09 17:23:40'),(21,17,'2020-11-20 23:46:34'),(22,15,'2021-03-27 12:48:33'),(22,40,'2020-05-18 05:01:12'),(23,33,'2021-01-02 21:24:28'),(23,58,'2020-06-13 20:32:11'),(24,17,'2020-09-25 05:47:01'),(24,19,'2020-08-10 15:36:39'),(24,28,'2020-06-17 02:45:29'),(24,43,'2020-11-16 08:47:42'),(24,51,'2020-06-27 18:43:51'),(24,80,'2021-01-27 10:18:58'),(25,69,'2021-01-26 19:37:18'),(25,96,'2021-03-08 10:58:38'),(26,5,'2021-01-13 23:09:50'),(26,21,'2020-06-25 23:51:24'),(26,39,'2020-07-10 23:20:03'),(27,43,'2021-02-25 16:06:15'),(28,40,'2021-04-23 06:27:23'),(28,55,'2021-02-27 13:02:15'),(28,79,'2021-02-11 14:49:55'),(29,22,'2020-08-13 07:30:19'),(30,17,'2020-08-04 07:10:48'),(30,80,'2021-01-02 09:26:09');
/*!40000 ALTER TABLE `communities_users` ENABLE KEYS */;
UNLOCK TABLES;

--
-- Table structure for table `countries`
--

DROP TABLE IF EXISTS `countries`;
/*!40101 SET @saved_cs_client     = @@character_set_client */;
/*!50503 SET character_set_client = utf8mb4 */;
CREATE TABLE `countries` (
  `id` int unsigned NOT NULL AUTO_INCREMENT,
  `name` varchar(150) CHARACTER SET utf8mb4 COLLATE utf8mb4_unicode_ci NOT NULL,
  PRIMARY KEY (`id`)
) ENGINE=InnoDB AUTO_INCREMENT=101 DEFAULT CHARSET=utf8mb4 COLLATE=utf8mb4_unicode_ci;
/*!40101 SET character_set_client = @saved_cs_client */;

--
-- Dumping data for table `countries`
--

LOCK TABLES `countries` WRITE;
/*!40000 ALTER TABLE `countries` DISABLE KEYS */;
INSERT INTO `countries` VALUES (1,'Georgia'),(2,'Maldives'),(3,'Mali'),(4,'Saint Barthelemy'),(5,'Zimbabwe'),(6,'New Caledonia'),(7,'Luxembourg'),(8,'Rwanda'),(9,'San Marino'),(10,'Indonesia'),(11,'Georgia'),(12,'Benin'),(13,'Macedonia'),(14,'Saudi Arabia'),(15,'Panama'),(16,'Armenia'),(17,'Finland'),(18,'Isle of Man'),(19,'Poland'),(20,'Western Sahara'),(21,'Philippines'),(22,'Dominican Republic'),(23,'Namibia'),(24,'Russian Federation'),(25,'Afghanistan'),(26,'Gabon'),(27,'American Samoa'),(28,'Namibia'),(29,'Saint Lucia'),(30,'Guinea'),(31,'Korea'),(32,'Kyrgyz Republic'),(33,'Peru'),(34,'United States Virgin Islands'),(35,'Pitcairn Islands'),(36,'Greenland'),(37,'Mali'),(38,'Saint Helena'),(39,'Costa Rica'),(40,'Samoa'),(41,'Brazil'),(42,'Greece'),(43,'Saint Kitts and Nevis'),(44,'Singapore'),(45,'Ghana'),(46,'Macao'),(47,'Rwanda'),(48,'Armenia'),(49,'Haiti'),(50,'Palestinian Territory'),(51,'Japan'),(52,'Bolivia'),(53,'Croatia'),(54,'Hong Kong'),(55,'Turkmenistan'),(56,'Benin'),(57,'Antigua and Barbuda'),(58,'Svalbard & Jan Mayen Islands'),(59,'Malta'),(60,'Tunisia'),(61,'Guatemala'),(62,'Angola'),(63,'Norfolk Island'),(64,'Cyprus'),(65,'Mayotte'),(66,'Argentina'),(67,'Puerto Rico'),(68,'Brazil'),(69,'Morocco'),(70,'Equatorial Guinea'),(71,'Bulgaria'),(72,'Tuvalu'),(73,'Congo'),(74,'Monaco'),(75,'Finland'),(76,'Kazakhstan'),(77,'Saint Kitts and Nevis'),(78,'Zimbabwe'),(79,'Spain'),(80,'Iceland'),(81,'Pakistan'),(82,'Thailand'),(83,'Montenegro'),(84,'Cyprus'),(85,'Cote d\'Ivoire'),(86,'Holy See (Vatican City State)'),(87,'United States of America'),(88,'Netherlands Antilles'),(89,'Burundi'),(90,'Cameroon'),(91,'Estonia'),(92,'Central African Republic'),(93,'Denmark'),(94,'Wallis and Futuna'),(95,'Korea'),(96,'Belarus'),(97,'Switzerland'),(98,'United States Virgin Islands'),(99,'Australia'),(100,'Palestinian Territory');
/*!40000 ALTER TABLE `countries` ENABLE KEYS */;
UNLOCK TABLES;

--
-- Table structure for table `friendship`
--

DROP TABLE IF EXISTS `friendship`;
/*!40101 SET @saved_cs_client     = @@character_set_client */;
/*!50503 SET character_set_client = utf8mb4 */;
CREATE TABLE `friendship` (
  `user_id` int unsigned NOT NULL COMMENT 'Ссылка на инициатора дружеских отношений',
  `friend_id` int unsigned NOT NULL COMMENT 'Ссылка на получателя приглашения дружить',
  `friendship_status_id` int unsigned NOT NULL COMMENT 'Ссылка на статус (текущее состояние) отношений',
  `confirmed_at` datetime DEFAULT NULL COMMENT 'Время подтверждения приглашения',
  `created_at` datetime DEFAULT CURRENT_TIMESTAMP COMMENT 'Время создания строки',
  `updated_at` datetime DEFAULT CURRENT_TIMESTAMP ON UPDATE CURRENT_TIMESTAMP COMMENT 'Время обновления строки',
  PRIMARY KEY (`user_id`,`friend_id`) COMMENT 'Составной первичный ключ'
) ENGINE=InnoDB DEFAULT CHARSET=utf8mb4 COLLATE=utf8mb4_unicode_ci COMMENT='Таблица дружбы';
/*!40101 SET character_set_client = @saved_cs_client */;

--
-- Dumping data for table `friendship`
--

LOCK TABLES `friendship` WRITE;
/*!40000 ALTER TABLE `friendship` DISABLE KEYS */;
INSERT INTO `friendship` VALUES (4,41,1,'2020-05-16 16:35:39','2020-05-16 16:35:39','2021-05-04 19:42:50'),(8,10,3,'2021-02-02 11:48:31','2021-02-02 11:48:31','2021-05-04 19:45:37'),(8,77,3,'2020-07-26 08:32:57','2020-07-26 08:32:57','2021-05-04 19:45:37'),(10,14,1,'2021-04-22 20:32:47','2021-04-22 20:32:47','2021-05-04 19:45:37'),(12,18,2,'2020-08-01 13:23:03','2020-08-01 13:23:03','2021-05-04 19:42:50'),(13,4,1,'2020-08-03 06:47:10','2020-08-03 06:47:10','2021-05-04 19:42:50'),(13,8,3,'2020-10-21 16:46:48','2020-10-21 16:46:48','2021-05-04 19:42:50'),(14,16,3,'2020-12-10 07:34:20','2020-12-10 07:34:20','2021-05-04 19:45:37'),(14,70,1,'2021-01-16 03:51:47','2021-01-16 03:51:47','2021-05-04 19:45:37'),(15,66,3,'2020-12-26 04:37:51','2020-12-26 04:37:51','2021-05-04 19:42:50'),(15,76,2,'2020-11-04 01:18:59','2020-11-04 01:18:59','2021-05-04 19:45:37'),(16,7,2,'2020-08-28 18:50:35','2020-08-28 18:50:35','2021-05-04 19:42:50'),(16,73,3,'2021-04-03 04:27:42','2021-04-03 04:27:42','2021-05-04 19:45:37'),(17,100,2,'2020-10-28 13:07:38','2020-10-28 13:07:38','2021-05-04 19:45:37'),(19,80,2,'2021-03-10 10:55:56','2021-03-10 10:55:56','2021-05-04 19:42:50'),(20,47,2,'2020-06-02 01:40:23','2020-06-02 01:40:23','2021-05-04 19:42:50'),(20,54,3,'2020-06-18 11:28:41','2020-06-18 11:28:41','2021-05-04 19:42:50'),(21,75,3,'2020-06-26 19:11:52','2020-06-26 19:11:52','2021-05-04 19:42:50'),(21,78,2,'2020-05-18 08:11:20','2020-05-18 08:11:20','2021-05-04 19:42:50'),(23,24,2,'2021-03-24 03:10:27','2021-03-24 03:10:27','2021-05-04 19:45:37'),(25,19,3,'2020-12-29 17:10:46','2020-12-29 17:10:46','2021-05-04 19:45:37'),(25,20,3,'2020-10-18 00:00:41','2020-10-18 00:00:41','2021-05-04 19:42:50'),(26,43,2,'2020-10-07 15:57:56','2020-10-07 15:57:56','2021-05-04 19:42:50'),(29,20,3,'2021-01-31 00:35:24','2021-01-31 00:35:24','2021-05-04 19:45:37'),(29,84,3,'2021-01-01 04:25:23','2021-01-01 04:25:23','2021-05-04 19:45:37'),(30,10,1,'2020-09-11 05:49:35','2020-09-11 05:49:35','2021-05-04 19:45:37'),(31,21,3,'2021-01-11 07:31:35','2021-01-11 07:31:35','2021-05-04 19:42:50'),(32,41,2,'2020-11-09 19:08:42','2020-11-09 19:08:42','2021-05-04 19:42:50'),(33,1,1,'2020-11-16 21:19:49','2020-11-16 21:19:49','2021-05-04 19:42:50'),(33,35,2,'2020-09-14 01:42:27','2020-09-14 01:42:27','2021-05-04 19:42:50'),(33,41,3,'2020-05-07 01:15:44','2020-05-07 01:15:44','2021-05-04 19:42:50'),(35,17,3,'2021-03-07 23:12:43','2021-03-07 23:12:43','2021-05-04 19:45:37'),(35,56,1,'2020-09-16 23:37:24','2020-09-16 23:37:24','2021-05-04 19:42:50'),(36,74,2,'2021-02-17 05:33:05','2021-02-17 05:33:05','2021-05-04 19:45:37'),(37,26,1,'2021-03-12 19:28:48','2021-03-12 19:28:48','2021-05-04 19:45:37'),(37,27,2,'2020-11-17 11:59:27','2020-11-17 11:59:27','2021-05-04 19:42:50'),(39,88,1,'2020-06-02 19:50:53','2020-06-02 19:50:53','2021-05-04 19:42:50'),(40,26,3,'2020-12-07 03:02:31','2020-12-07 03:02:31','2021-05-04 19:42:50'),(40,77,1,'2021-03-30 10:37:40','2021-03-30 10:37:40','2021-05-04 19:45:37'),(43,50,1,'2020-06-07 11:02:03','2020-06-07 11:02:03','2021-05-04 19:42:50'),(44,67,2,'2020-09-30 00:21:21','2020-09-30 00:21:21','2021-05-04 19:45:37'),(46,9,3,'2021-04-03 20:20:20','2021-04-03 20:20:20','2021-05-04 19:42:50'),(46,71,2,'2020-11-19 08:01:40','2020-11-19 08:01:40','2021-05-04 19:45:37'),(48,34,1,'2020-06-29 09:16:06','2020-06-29 09:16:06','2021-05-04 19:42:50'),(48,71,1,'2020-05-15 06:22:48','2020-05-15 06:22:48','2021-05-04 19:42:50'),(49,14,1,'2020-08-24 23:41:58','2020-08-24 23:41:58','2021-05-04 19:45:37'),(49,47,2,'2020-10-05 08:53:32','2020-10-05 08:53:32','2021-05-04 19:45:37'),(49,55,2,'2020-09-29 07:14:35','2020-09-29 07:14:35','2021-05-04 19:42:50'),(49,60,2,'2020-10-31 04:11:37','2020-10-31 04:11:37','2021-05-04 19:45:37'),(49,61,1,'2020-07-26 23:54:41','2020-07-26 23:54:41','2021-05-04 19:42:50'),(51,54,3,'2020-10-03 06:24:17','2020-10-03 06:24:17','2021-05-04 19:42:50'),(52,55,2,'2021-01-01 12:32:21','2021-01-01 12:32:21','2021-05-04 19:45:37'),(52,71,2,'2020-11-18 20:25:18','2020-11-18 20:25:18','2021-05-04 19:45:37'),(54,16,2,'2021-01-19 23:07:38','2021-01-19 23:07:38','2021-05-04 19:42:50'),(56,78,3,'2021-03-29 18:10:50','2021-03-29 18:10:50','2021-05-04 19:45:37'),(59,7,2,'2020-12-29 14:26:07','2020-12-29 14:26:07','2021-05-04 19:45:37'),(60,30,3,'2020-07-27 09:39:06','2020-07-27 09:39:06','2021-05-04 19:42:50'),(61,13,2,'2021-03-05 15:23:34','2021-03-05 15:23:34','2021-05-04 19:45:37'),(61,56,2,'2020-05-29 20:17:04','2020-05-29 20:17:04','2021-05-04 19:42:50'),(63,1,1,'2021-01-13 19:31:03','2021-01-13 19:31:03','2021-05-04 19:42:50'),(63,70,3,'2021-02-01 12:23:26','2021-02-01 12:23:26','2021-05-04 19:45:37'),(63,73,3,'2021-02-06 14:57:58','2021-02-06 14:57:58','2021-05-04 19:45:37'),(64,76,2,'2020-06-18 17:46:17','2020-06-18 17:46:17','2021-05-04 19:42:50'),(65,100,3,'2020-05-24 04:09:49','2020-05-24 04:09:49','2021-05-04 19:42:50'),(67,26,1,'2020-08-17 08:36:32','2020-08-17 08:36:32','2021-05-04 19:42:50'),(67,51,2,'2021-02-23 17:30:25','2021-02-23 17:30:25','2021-05-04 19:45:37'),(68,64,2,'2020-08-20 17:47:14','2020-08-20 17:47:14','2021-05-04 19:42:50'),(70,69,2,'2020-08-28 13:29:57','2020-08-28 13:29:57','2021-05-04 19:42:50'),(70,82,2,'2021-04-13 13:44:51','2021-04-13 13:44:51','2021-05-04 19:45:37'),(71,1,1,'2020-05-01 22:23:55','2020-05-01 22:23:55','2021-05-04 19:42:50'),(75,11,2,'2020-09-29 01:05:40','2020-09-29 01:05:40','2021-05-04 19:42:50'),(75,12,2,'2020-09-08 16:45:35','2020-09-08 16:45:35','2021-05-04 19:42:50'),(75,23,3,'2020-04-29 20:55:32','2020-04-29 20:55:32','2021-05-04 19:42:50'),(76,2,1,'2021-03-04 08:20:17','2021-03-04 08:20:17','2021-05-04 19:45:37'),(77,51,1,'2020-06-15 06:18:23','2020-06-15 06:18:23','2021-05-04 19:42:50'),(78,80,3,'2021-03-19 03:31:02','2021-03-19 03:31:02','2021-05-04 19:45:37'),(78,98,1,'2020-07-08 04:16:58','2020-07-08 04:16:58','2021-05-04 19:42:50'),(80,58,3,'2020-08-31 14:55:51','2020-08-31 14:55:51','2021-05-04 19:42:50'),(82,36,3,'2020-06-20 16:06:21','2020-06-20 16:06:21','2021-05-04 19:42:50'),(82,63,1,'2020-08-26 09:32:56','2020-08-26 09:32:56','2021-05-04 19:42:50'),(83,44,3,'2021-02-20 15:05:34','2021-02-20 15:05:34','2021-05-04 19:42:50'),(83,51,2,'2020-07-27 18:28:13','2020-07-27 18:28:13','2021-05-04 19:42:50'),(84,55,1,'2020-07-03 23:48:20','2020-07-03 23:48:20','2021-05-04 19:42:50'),(87,9,3,'2020-08-13 18:26:54','2020-08-13 18:26:54','2021-05-04 19:42:50'),(87,82,1,'2020-12-15 00:20:24','2020-12-15 00:20:24','2021-05-04 19:45:37'),(88,30,2,'2020-12-30 04:48:41','2020-12-30 04:48:41','2021-05-04 19:45:37'),(88,89,3,'2020-07-24 15:39:06','2020-07-24 15:39:06','2021-05-04 19:42:50'),(88,90,3,'2021-03-23 18:47:43','2021-03-23 18:47:43','2021-05-04 19:45:37'),(89,52,3,'2020-10-15 19:54:38','2020-10-15 19:54:38','2021-05-04 19:42:50'),(90,19,1,'2020-07-17 10:42:14','2020-07-17 10:42:14','2021-05-04 19:42:50'),(92,15,3,'2020-10-31 19:31:35','2020-10-31 19:31:35','2021-05-04 19:45:37'),(93,55,1,'2020-07-05 07:14:02','2020-07-05 07:14:02','2021-05-04 19:45:37'),(94,5,2,'2020-08-04 17:51:12','2020-08-04 17:51:12','2021-05-04 19:45:37'),(95,94,3,'2020-06-18 05:14:37','2020-06-18 05:14:37','2021-05-04 19:42:50'),(97,89,2,'2021-02-24 11:33:04','2021-02-24 11:33:04','2021-05-04 19:45:37'),(98,29,2,'2021-04-17 17:50:23','2021-04-17 17:50:23','2021-05-04 19:45:37'),(98,51,2,'2020-10-11 10:42:58','2020-10-11 10:42:58','2021-05-04 19:42:50'),(99,58,2,'2020-04-29 22:16:29','2020-04-29 22:16:29','2021-05-04 19:42:50'),(100,91,1,'2020-12-09 01:33:55','2020-12-09 01:33:55','2021-05-04 19:42:50');
/*!40000 ALTER TABLE `friendship` ENABLE KEYS */;
UNLOCK TABLES;

--
-- Table structure for table `friendship_statuses`
--

DROP TABLE IF EXISTS `friendship_statuses`;
/*!40101 SET @saved_cs_client     = @@character_set_client */;
/*!50503 SET character_set_client = utf8mb4 */;
CREATE TABLE `friendship_statuses` (
  `id` int unsigned NOT NULL AUTO_INCREMENT COMMENT 'Идентификатор строки',
  `name` varchar(150) CHARACTER SET utf8mb4 COLLATE utf8mb4_unicode_ci NOT NULL COMMENT 'Название статуса',
  `created_at` datetime DEFAULT CURRENT_TIMESTAMP COMMENT 'Время создания строки',
  `updated_at` datetime DEFAULT CURRENT_TIMESTAMP ON UPDATE CURRENT_TIMESTAMP COMMENT 'Время обновления строки',
  PRIMARY KEY (`id`),
  UNIQUE KEY `name` (`name`)
) ENGINE=InnoDB AUTO_INCREMENT=4 DEFAULT CHARSET=utf8mb4 COLLATE=utf8mb4_unicode_ci COMMENT='Статусы дружбы';
/*!40101 SET character_set_client = @saved_cs_client */;

--
-- Dumping data for table `friendship_statuses`
--

LOCK TABLES `friendship_statuses` WRITE;
/*!40000 ALTER TABLE `friendship_statuses` DISABLE KEYS */;
INSERT INTO `friendship_statuses` VALUES (1,'Requested','2021-05-04 17:42:52','2021-05-04 17:42:52'),(2,'Confirmed','2021-05-04 17:42:52','2021-05-04 17:42:52'),(3,'Rejected','2021-05-04 17:42:52','2021-05-04 17:42:52');
/*!40000 ALTER TABLE `friendship_statuses` ENABLE KEYS */;
UNLOCK TABLES;

--
-- Table structure for table `media`
--

DROP TABLE IF EXISTS `media`;
/*!40101 SET @saved_cs_client     = @@character_set_client */;
/*!50503 SET character_set_client = utf8mb4 */;
CREATE TABLE `media` (
  `id` int unsigned NOT NULL AUTO_INCREMENT COMMENT 'Идентификатор строки',
  `user_id` int unsigned NOT NULL COMMENT 'Ссылка на пользователя, который загрузил файл',
  `filename` varchar(255) CHARACTER SET utf8mb4 COLLATE utf8mb4_unicode_ci NOT NULL COMMENT 'Путь к файлу',
  `size` int NOT NULL COMMENT 'Размер файла',
  `metadata` json DEFAULT NULL,
  `media_type_id` int unsigned NOT NULL COMMENT 'Ссылка на тип контента',
  `created_at` datetime DEFAULT CURRENT_TIMESTAMP COMMENT 'Время создания строки',
  `updated_at` datetime DEFAULT CURRENT_TIMESTAMP ON UPDATE CURRENT_TIMESTAMP COMMENT 'Время обновления строки',
  PRIMARY KEY (`id`),
  CONSTRAINT `media_chk_1` CHECK (json_valid(`metadata`))
) ENGINE=InnoDB AUTO_INCREMENT=194 DEFAULT CHARSET=utf8mb4 COLLATE=utf8mb4_unicode_ci COMMENT='Медиафайлы';
/*!40101 SET character_set_client = @saved_cs_client */;

--
-- Dumping data for table `media`
--

LOCK TABLES `media` WRITE;
/*!40000 ALTER TABLE `media` DISABLE KEYS */;
INSERT INTO `media` VALUES (1,76,'http://dropbox.net/vk/ea.mp3',20723,'{\"owner\": \"Dorris Sporer\"}',1,'2020-04-20 02:57:36','2021-05-05 10:47:04'),(2,29,'http://dropbox.net/vk/est.jpeg',477160,'{\"owner\": \"Lula Douglas\"}',2,'2019-01-09 01:20:46','2021-05-05 10:47:04'),(3,18,'http://dropbox.net/vk/non.mp4',453562060,'{\"owner\": \"Kristin Tromp\"}',2,'2012-05-14 02:44:51','2021-05-05 11:07:34'),(4,100,'http://dropbox.net/vk/quisquam.mp4',5860042,'{\"owner\": \"Horacio Toy\"}',1,'2016-02-19 23:40:38','2021-05-05 11:07:34'),(5,48,'http://dropbox.net/vk/non.jpeg',313630,'{\"owner\": \"Daija Stehr\"}',1,'2019-04-29 21:34:16','2021-05-05 11:07:34'),(6,39,'http://dropbox.net/vk/itaque.png',126672,'{\"owner\": \"Ned Wyman\"}',3,'2011-07-16 09:21:22','2021-05-05 11:07:34'),(7,51,'http://dropbox.net/vk/rerum.mp3',394175,'{\"owner\": \"Isaiah Langworth\"}',3,'2018-11-26 08:57:00','2021-05-05 11:07:34'),(8,35,'http://dropbox.net/vk/qui.mp4',682468,'{\"owner\": \"Roman Corwin\"}',3,'2017-03-16 20:47:16','2021-05-05 11:07:34'),(9,23,'http://dropbox.net/vk/neque.jpeg',22328,'{\"owner\": \"Blaise Collins\"}',1,'2013-06-08 23:41:11','2021-05-05 11:07:34'),(10,11,'http://dropbox.net/vk/laboriosam.avi',448361,'{\"owner\": \"Monica Ondricka\"}',3,'2018-01-18 03:41:45','2021-05-05 11:07:34'),(11,82,'http://dropbox.net/vk/exercitationem.png',54235,'{\"owner\": \"Alanna Effertz\"}',3,'2011-11-21 23:06:44','2021-05-05 11:07:34'),(12,80,'http://dropbox.net/vk/sunt.png',194193,'{\"owner\": \"Hulda Reilly\"}',3,'2021-03-23 18:34:20','2021-05-05 11:07:34'),(13,52,'http://dropbox.net/vk/architecto.jpeg',24072,'{\"owner\": \"Newton Murray\"}',3,'2011-07-27 07:43:20','2021-05-05 11:07:34'),(14,19,'http://dropbox.net/vk/eum.mp3',522335,'{\"owner\": \"Jedidiah Toy\"}',3,'2014-06-09 11:12:46','2021-05-05 11:07:34'),(15,39,'http://dropbox.net/vk/quibusdam.mp3',798259,'{\"owner\": \"Ned Wyman\"}',1,'2014-06-15 03:54:53','2021-05-05 11:07:34'),(16,39,'http://dropbox.net/vk/velit.jpeg',398717,'{\"owner\": \"Ned Wyman\"}',1,'2012-06-13 00:09:00','2021-05-05 11:07:34'),(17,77,'http://dropbox.net/vk/molestias.mp3',4106681,'{\"owner\": \"Aron Kiehn\"}',2,'2014-08-16 06:58:50','2021-05-05 11:07:34'),(18,65,'http://dropbox.net/vk/impedit.png',588807,'{\"owner\": \"Mireille Smitham\"}',2,'2021-04-26 07:49:53','2021-05-05 11:07:34'),(19,96,'http://dropbox.net/vk/atque.png',176982797,'{\"owner\": \"Shad Ebert\"}',3,'2012-08-28 10:56:15','2021-05-05 11:07:34'),(20,85,'http://dropbox.net/vk/magni.avi',39012782,'{\"owner\": \"Filomena Flatley\"}',2,'2019-08-12 11:25:55','2021-05-05 11:07:34'),(21,36,'http://dropbox.net/vk/veritatis.png',39596,'{\"owner\": \"Jacky Keebler\"}',2,'2013-03-01 00:03:16','2021-05-05 11:07:34'),(22,24,'http://dropbox.net/vk/animi.jpeg',737887,'{\"owner\": \"Samantha Schultz\"}',3,'2012-03-20 23:32:51','2021-05-05 11:07:34'),(23,10,'http://dropbox.net/vk/repudiandae.mp4',913012,'{\"owner\": \"Cora Breitenberg\"}',2,'2019-05-19 10:00:04','2021-05-05 11:07:34'),(24,77,'http://dropbox.net/vk/dicta.avi',7990072,'{\"owner\": \"Aron Kiehn\"}',3,'2017-07-21 09:28:59','2021-05-05 11:07:34'),(25,55,'http://dropbox.net/vk/minus.mp4',341403,'{\"owner\": \"Garett Hessel\"}',2,'2020-06-14 04:27:41','2021-05-05 11:07:34'),(26,45,'http://dropbox.net/vk/omnis.mp3',16258806,'{\"owner\": \"Kody Williamson\"}',1,'2018-10-05 17:06:28','2021-05-05 11:07:34'),(27,59,'http://dropbox.net/vk/consectetur.mp4',957976,'{\"owner\": \"Morris Pfeffer\"}',3,'2020-02-04 00:24:52','2021-05-05 11:07:34'),(28,60,'http://dropbox.net/vk/quas.png',10907218,'{\"owner\": \"Katelynn Bode\"}',1,'2015-12-16 20:16:27','2021-05-05 11:07:34'),(29,21,'http://dropbox.net/vk/rerum.jpeg',755674,'{\"owner\": \"Horace Collins\"}',3,'2012-06-26 18:08:59','2021-05-05 11:07:34'),(30,26,'http://dropbox.net/vk/aut.mp4',894442,'{\"owner\": \"Emilie Ernser\"}',2,'2012-01-29 07:01:09','2021-05-05 11:07:34'),(31,66,'http://dropbox.net/vk/quisquam.avi',195187,'{\"owner\": \"Rozella Erdman\"}',3,'2015-04-28 00:33:50','2021-05-05 11:07:34'),(32,52,'http://dropbox.net/vk/voluptas.mp4',282609,'{\"owner\": \"Newton Murray\"}',3,'2017-10-15 09:34:55','2021-05-05 11:07:34'),(33,59,'http://dropbox.net/vk/laboriosam.mp3',817486,'{\"owner\": \"Morris Pfeffer\"}',2,'2013-09-01 02:14:27','2021-05-05 11:07:34'),(34,41,'http://dropbox.net/vk/dignissimos.avi',604884,'{\"owner\": \"Margret Strosin\"}',3,'2014-11-26 07:22:05','2021-05-05 11:07:34'),(35,26,'http://dropbox.net/vk/quos.mp4',529988565,'{\"owner\": \"Emilie Ernser\"}',1,'2012-06-10 15:02:19','2021-05-05 11:07:34'),(36,8,'http://dropbox.net/vk/enim.avi',162894803,'{\"owner\": \"Damion Vandervort\"}',2,'2020-05-10 04:05:40','2021-05-05 11:07:34'),(37,62,'http://dropbox.net/vk/impedit.mp4',229603,'{\"owner\": \"Aubrey Rice\"}',2,'2012-05-20 01:25:56','2021-05-05 11:07:34'),(38,86,'http://dropbox.net/vk/necessitatibus.jpeg',536369580,'{\"owner\": \"Jaylon McGlynn\"}',3,'2017-11-15 11:27:13','2021-05-05 11:07:34'),(39,43,'http://dropbox.net/vk/sunt.mp3',108885777,'{\"owner\": \"Annabel Rodriguez\"}',3,'2019-09-22 03:00:00','2021-05-05 11:07:34'),(40,58,'http://dropbox.net/vk/dicta.png',6224411,'{\"owner\": \"Reinhold Dickinson\"}',3,'2011-12-09 15:14:53','2021-05-05 11:07:34'),(41,57,'http://dropbox.net/vk/sunt.png',685557,'{\"owner\": \"Retta Frami\"}',3,'2013-10-04 22:04:05','2021-05-05 11:07:34'),(42,13,'http://dropbox.net/vk/totam.jpeg',3886061,'{\"owner\": \"Eleanora Klein\"}',1,'2013-12-04 18:22:09','2021-05-05 11:07:34'),(43,91,'http://dropbox.net/vk/nobis.jpeg',728978,'{\"owner\": \"Aiyana McLaughlin\"}',3,'2018-06-15 08:52:04','2021-05-05 11:07:34'),(44,17,'http://dropbox.net/vk/id.mp4',578217,'{\"owner\": \"Tiara Turcotte\"}',3,'2011-12-08 20:33:22','2021-05-05 11:07:34'),(45,13,'http://dropbox.net/vk/eius.mp4',694152,'{\"owner\": \"Eleanora Klein\"}',3,'2013-09-04 08:51:22','2021-05-05 11:07:34'),(46,11,'http://dropbox.net/vk/delectus.avi',726109,'{\"owner\": \"Monica Ondricka\"}',1,'2013-01-22 16:56:59','2021-05-05 11:07:34'),(47,15,'http://dropbox.net/vk/eum.avi',192102,'{\"owner\": \"Elouise Turner\"}',3,'2018-12-10 19:17:55','2021-05-05 11:07:34'),(48,41,'http://dropbox.net/vk/ut.mp3',99274,'{\"owner\": \"Margret Strosin\"}',2,'2020-02-13 08:43:16','2021-05-05 11:07:34'),(49,61,'http://dropbox.net/vk/exercitationem.mp3',926026,'{\"owner\": \"Logan Schamberger\"}',3,'2017-06-08 00:36:23','2021-05-05 11:07:34'),(50,79,'http://dropbox.net/vk/ullam.png',538091,'{\"owner\": \"Dock Conn\"}',2,'2020-12-09 02:20:17','2021-05-05 11:07:34'),(51,13,'http://dropbox.net/vk/non.png',23628,'{\"owner\": \"Eleanora Klein\"}',3,'2012-12-01 16:10:16','2021-05-05 11:07:34'),(52,29,'http://dropbox.net/vk/hic.mp4',686944,'{\"owner\": \"Lula Douglas\"}',3,'2020-03-21 22:22:39','2021-05-05 11:07:34'),(53,6,'http://dropbox.net/vk/delectus.jpeg',54892240,'{\"owner\": \"Victor Hettinger\"}',2,'2014-09-05 07:10:41','2021-05-05 11:07:34'),(54,39,'http://dropbox.net/vk/provident.mp3',502127,'{\"owner\": \"Ned Wyman\"}',3,'2020-03-27 15:23:16','2021-05-05 11:07:34'),(55,80,'http://dropbox.net/vk/repudiandae.png',886361,'{\"owner\": \"Hulda Reilly\"}',2,'2012-08-08 15:13:32','2021-05-05 11:07:34'),(56,81,'http://dropbox.net/vk/qui.avi',770240472,'{\"owner\": \"Aniyah Dietrich\"}',3,'2017-01-07 07:09:00','2021-05-05 11:07:34'),(57,66,'http://dropbox.net/vk/modi.jpeg',34027,'{\"owner\": \"Rozella Erdman\"}',1,'2011-08-09 09:48:48','2021-05-05 11:07:34'),(58,87,'http://dropbox.net/vk/dicta.mp3',915428,'{\"owner\": \"Kyla Funk\"}',1,'2012-03-12 05:20:22','2021-05-05 11:07:34'),(59,34,'http://dropbox.net/vk/placeat.png',908056,'{\"owner\": \"Kane Hammes\"}',1,'2013-01-18 15:30:56','2021-05-05 11:07:34'),(60,8,'http://dropbox.net/vk/veniam.mp3',5196368,'{\"owner\": \"Damion Vandervort\"}',3,'2020-11-24 21:01:15','2021-05-05 11:07:34'),(61,38,'http://dropbox.net/vk/cumque.avi',66453935,'{\"owner\": \"Abdul Swift\"}',1,'2015-07-21 05:52:33','2021-05-05 11:07:34'),(62,67,'http://dropbox.net/vk/architecto.png',783997,'{\"owner\": \"Gerry Jones\"}',2,'2016-02-28 21:09:48','2021-05-05 11:07:34'),(63,18,'http://dropbox.net/vk/veniam.jpeg',269574,'{\"owner\": \"Kristin Tromp\"}',3,'2013-05-26 18:13:29','2021-05-05 11:07:34'),(64,89,'http://dropbox.net/vk/modi.mp3',185818,'{\"owner\": \"Dewayne Murphy\"}',3,'2020-10-10 09:01:44','2021-05-05 11:07:34'),(65,92,'http://dropbox.net/vk/quas.jpeg',13615,'{\"owner\": \"Cade West\"}',2,'2016-08-03 16:22:47','2021-05-05 11:07:34'),(66,90,'http://dropbox.net/vk/illo.avi',392884049,'{\"owner\": \"Abigail Yundt\"}',3,'2020-03-05 02:20:20','2021-05-05 11:07:34'),(67,74,'http://dropbox.net/vk/et.mp4',77047393,'{\"owner\": \"Mustafa Abshire\"}',3,'2020-02-18 03:35:31','2021-05-05 11:07:34'),(68,100,'http://dropbox.net/vk/cumque.mp3',567100,'{\"owner\": \"Horacio Toy\"}',1,'2016-03-29 20:32:53','2021-05-05 11:07:34'),(69,76,'http://dropbox.net/vk/vel.mp3',268045,'{\"owner\": \"Dorris Sporer\"}',3,'2021-02-13 20:56:35','2021-05-05 11:07:34'),(70,82,'http://dropbox.net/vk/quisquam.mp3',628928,'{\"owner\": \"Alanna Effertz\"}',1,'2011-11-16 23:05:47','2021-05-05 11:07:34'),(71,79,'http://dropbox.net/vk/architecto.avi',330503,'{\"owner\": \"Dock Conn\"}',1,'2017-08-19 13:20:10','2021-05-05 11:07:34'),(72,48,'http://dropbox.net/vk/mollitia.avi',755734,'{\"owner\": \"Daija Stehr\"}',2,'2015-10-11 14:12:48','2021-05-05 11:07:34'),(73,5,'http://dropbox.net/vk/reprehenderit.jpeg',777160,'{\"owner\": \"Marianne Fahey\"}',1,'2016-08-04 22:15:40','2021-05-05 11:07:34'),(74,78,'http://dropbox.net/vk/blanditiis.png',608600,'{\"owner\": \"Sanford Ledner\"}',3,'2014-06-28 15:09:06','2021-05-05 11:07:34'),(75,77,'http://dropbox.net/vk/laudantium.avi',701519,'{\"owner\": \"Aron Kiehn\"}',2,'2018-04-02 18:23:17','2021-05-05 11:07:34'),(76,48,'http://dropbox.net/vk/odit.png',671795,'{\"owner\": \"Daija Stehr\"}',2,'2018-04-25 12:50:44','2021-05-05 11:07:34'),(77,8,'http://dropbox.net/vk/sit.mp3',72089183,'{\"owner\": \"Damion Vandervort\"}',3,'2016-08-06 21:00:13','2021-05-05 11:07:34'),(78,95,'http://dropbox.net/vk/quia.mp4',244419,'{\"owner\": \"Bryce Cole\"}',2,'2013-06-11 14:58:06','2021-05-05 11:07:34'),(79,52,'http://dropbox.net/vk/eveniet.mp4',16052751,'{\"owner\": \"Newton Murray\"}',2,'2018-05-24 05:41:34','2021-05-05 11:07:34'),(80,74,'http://dropbox.net/vk/corporis.avi',196712,'{\"owner\": \"Mustafa Abshire\"}',2,'2014-02-19 23:54:46','2021-05-05 11:07:34'),(81,13,'http://dropbox.net/vk/doloribus.mp3',240301,'{\"owner\": \"Eleanora Klein\"}',1,'2020-12-13 10:42:33','2021-05-05 11:07:34'),(82,41,'http://dropbox.net/vk/quos.png',601372,'{\"owner\": \"Margret Strosin\"}',1,'2014-11-27 18:43:32','2021-05-05 11:07:34'),(83,67,'http://dropbox.net/vk/quasi.jpeg',61160535,'{\"owner\": \"Gerry Jones\"}',3,'2012-05-25 07:54:24','2021-05-05 11:07:34'),(84,13,'http://dropbox.net/vk/veniam.mp3',275957,'{\"owner\": \"Eleanora Klein\"}',2,'2021-04-04 14:30:19','2021-05-05 11:07:34'),(85,64,'http://dropbox.net/vk/consectetur.avi',565670,'{\"owner\": \"Trever Upton\"}',2,'2014-05-31 10:42:05','2021-05-05 11:07:34'),(86,80,'http://dropbox.net/vk/laudantium.png',759985952,'{\"owner\": \"Hulda Reilly\"}',2,'2018-04-30 21:11:33','2021-05-05 11:07:34'),(87,5,'http://dropbox.net/vk/quas.jpeg',990478,'{\"owner\": \"Marianne Fahey\"}',3,'2016-11-08 15:51:51','2021-05-05 11:07:34'),(88,86,'http://dropbox.net/vk/placeat.jpeg',245380,'{\"owner\": \"Jaylon McGlynn\"}',2,'2012-05-10 15:13:43','2021-05-05 11:07:34'),(89,13,'http://dropbox.net/vk/ullam.avi',245466,'{\"owner\": \"Eleanora Klein\"}',2,'2017-01-05 22:16:16','2021-05-05 11:07:34'),(90,7,'http://dropbox.net/vk/necessitatibus.mp3',957776113,'{\"owner\": \"Leone Paucek\"}',2,'2013-10-15 19:48:04','2021-05-05 11:07:34'),(91,94,'http://dropbox.net/vk/odio.avi',481190,'{\"owner\": \"Chadrick Mosciski\"}',1,'2014-10-13 08:50:25','2021-05-05 11:07:34'),(92,50,'http://dropbox.net/vk/odio.mp4',659552,'{\"owner\": \"Ellen Koch\"}',2,'2017-04-03 15:16:42','2021-05-05 11:07:34'),(93,69,'http://dropbox.net/vk/provident.avi',844193,'{\"owner\": \"Nels Howe\"}',3,'2012-06-22 22:31:25','2021-05-05 11:07:34');
/*!40000 ALTER TABLE `media` ENABLE KEYS */;
UNLOCK TABLES;

--
-- Table structure for table `media_types`
--

DROP TABLE IF EXISTS `media_types`;
/*!40101 SET @saved_cs_client     = @@character_set_client */;
/*!50503 SET character_set_client = utf8mb4 */;
CREATE TABLE `media_types` (
  `id` int unsigned NOT NULL AUTO_INCREMENT COMMENT 'Идентификатор строки',
  `name` varchar(255) CHARACTER SET utf8mb4 COLLATE utf8mb4_unicode_ci NOT NULL COMMENT 'Название типа',
  `created_at` datetime DEFAULT CURRENT_TIMESTAMP COMMENT 'Время создания строки',
  `updated_at` datetime DEFAULT CURRENT_TIMESTAMP ON UPDATE CURRENT_TIMESTAMP COMMENT 'Время обновления строки',
  PRIMARY KEY (`id`),
  UNIQUE KEY `name` (`name`)
) ENGINE=InnoDB AUTO_INCREMENT=4 DEFAULT CHARSET=utf8mb4 COLLATE=utf8mb4_unicode_ci COMMENT='Типы медиафайлов';
/*!40101 SET character_set_client = @saved_cs_client */;

--
-- Dumping data for table `media_types`
--

LOCK TABLES `media_types` WRITE;
/*!40000 ALTER TABLE `media_types` DISABLE KEYS */;
INSERT INTO `media_types` VALUES (1,'photo','2021-05-05 11:13:54','2021-05-05 11:13:54'),(2,'video','2021-05-05 11:13:54','2021-05-05 11:13:54'),(3,'audio','2021-05-05 11:13:54','2021-05-05 11:13:54');
/*!40000 ALTER TABLE `media_types` ENABLE KEYS */;
UNLOCK TABLES;

--
-- Table structure for table `messages`
--

DROP TABLE IF EXISTS `messages`;
/*!40101 SET @saved_cs_client     = @@character_set_client */;
/*!50503 SET character_set_client = utf8mb4 */;
CREATE TABLE `messages` (
  `id` int unsigned NOT NULL AUTO_INCREMENT COMMENT 'Идентификатор строки',
  `from_user_id` int unsigned NOT NULL COMMENT 'Ссылка на отправителя сообщения',
  `to_user_id` int unsigned NOT NULL COMMENT 'Ссылка на получателя сообщения',
  `body` text CHARACTER SET utf8mb4 COLLATE utf8mb4_unicode_ci NOT NULL COMMENT 'Текст сообщения',
  `is_important` enum('usual','important') COLLATE utf8mb4_unicode_ci DEFAULT NULL,
  `is_delivered` enum('delivered','undelivered') COLLATE utf8mb4_unicode_ci DEFAULT NULL,
  `created_at` datetime DEFAULT CURRENT_TIMESTAMP COMMENT 'Время создания строки',
  PRIMARY KEY (`id`)
) ENGINE=InnoDB AUTO_INCREMENT=101 DEFAULT CHARSET=utf8mb4 COLLATE=utf8mb4_unicode_ci COMMENT='Сообщения';
/*!40101 SET character_set_client = @saved_cs_client */;

--
-- Dumping data for table `messages`
--

LOCK TABLES `messages` WRITE;
/*!40000 ALTER TABLE `messages` DISABLE KEYS */;
INSERT INTO `messages` VALUES (7,34,83,'Drawling--the Drawling-master was an old crab, HE was.\' \'I never was so long that they had settled down again, the Dodo solemnly presented the thimble, looking as solemn as she could, for her to.','usual','undelivered','2021-02-24 16:32:22'),(8,59,40,'Alice, whose thoughts were still running on the look-out for serpents night and day! Why, I do hope it\'ll make me larger, it must be kind to them,\' thought Alice, and looking anxiously about as much.','important','undelivered','2021-03-07 08:55:40'),(10,89,25,'Off with his head!\' or \'Off with their heads!\' and the constant heavy sobbing of the jurors were writing down \'stupid things!\' on their backs was the matter with it. There was exactly one a-piece.','usual','delivered','2020-06-23 05:25:28'),(11,66,78,'Queen never left off writing on his spectacles and looked anxiously round, to make herself useful, and looking anxiously about as it was too much pepper in that case I can find out the proper way of.','important','delivered','2021-02-11 13:51:56'),(20,81,25,'The first question of course was, how to get out again. That\'s all.\' \'Thank you,\' said the Caterpillar. Here was another puzzling question; and as it can\'t possibly make me smaller, I suppose.\' So.','usual','delivered','2020-07-01 06:17:54'),(21,33,72,'Cheshire Cat,\' said Alice: \'--where\'s the Duchess?\' \'Hush! Hush!\' said the Dormouse; \'--well in.\' This answer so confused poor Alice, that she was near enough to look down and saying to herself.','usual','undelivered','2020-12-14 16:50:36'),(26,93,4,'Do come back with the distant sobs of the day; and this Alice would not give all else for two reasons. First, because I\'m on the Duchess\'s knee, while plates and dishes crashed around it--once more.','usual','undelivered','2020-05-13 06:31:06'),(32,63,56,'I almost think I could, if I shall be a person of authority among them, called out, \'First witness!\' The first thing she heard a little pattering of footsteps in the pictures of him), while the Mock.','usual','undelivered','2020-12-14 23:25:30'),(36,19,51,'Bill! catch hold of its little eyes, but it did not venture to go on. \'And so these three little sisters--they were learning to draw,\' the Dormouse sulkily remarked, \'If you knew Time as well go in.','usual','undelivered','2020-09-28 18:34:44'),(39,62,40,'ME\' beautifully printed on it but tea. \'I don\'t know what \"it\" means well enough, when I learn music.\' \'Ah! that accounts for it,\' said Alice. \'Of course not,\' Alice replied very gravely. \'What else.','important','undelivered','2021-01-18 03:52:05'),(49,25,45,'Queen of Hearts were seated on their slates, and she was up to the dance. Would not, could not remember ever having seen in her life before, and she ran with all their simple joys, remembering her.','usual','delivered','2020-08-30 02:02:50'),(51,30,60,'March Hare, who had followed him into the sky. Alice went on, yawning and rubbing its eyes, \'Of course, of course; just what I eat\" is the same side of the room again, no wonder she felt sure she.','important','undelivered','2020-07-05 21:11:04'),(55,30,88,'Gryphon. \'They can\'t have anything to put it right; \'not that it was done. They had not got into it), and sometimes shorter, until she had hurt the poor little thing was waving its right paw round,.','usual','delivered','2020-06-14 12:46:25'),(56,96,97,'King said to the Mock Turtle. \'Seals, turtles, salmon, and so on; then, when you\'ve cleared all the jurymen are back in a low, timid voice, \'If you knew Time as well as if he wasn\'t going to happen.','important','undelivered','2021-04-20 23:38:32'),(63,99,3,'I suppose, by being drowned in my life!\' She had just succeeded in getting its body tucked away, comfortably enough, under her arm, that it is!\' \'Why should it?\' muttered the Hatter. \'I deny it!\'.','important','delivered','2020-08-01 15:27:35'),(65,14,90,'Cat, and vanished. Alice was rather glad there WAS no one could possibly hear you.\' And certainly there was a dead silence. \'It\'s a friend of mine--a Cheshire Cat,\' said Alice: \'three inches is such.','usual','delivered','2021-01-24 23:21:59'),(66,44,92,'The Queen!\' and the jury wrote it down \'important,\' and some \'unimportant.\' Alice could see, when she caught it, and kept doubling itself up and said, without opening its eyes, for it was too late.','usual','delivered','2020-06-22 15:39:33'),(71,91,7,'March Hare. \'I didn\'t mean it!\' pleaded poor Alice began to cry again, for this time the Queen of Hearts, and I never knew so much at first, the two creatures got so close to her great delight it.','usual','undelivered','2020-12-25 20:03:42'),(78,2,45,'In a minute or two, it was all dark overhead; before her was another puzzling question; and as it went, \'One side of the way--\' \'THAT generally takes some time,\' interrupted the Gryphon. \'We can do.','usual','undelivered','2021-01-08 03:47:36'),(83,51,44,'The Mouse gave a look askance-- Said he thanked the whiting kindly, but he would deny it too: but the wise little Alice herself, and began bowing to the Dormouse, not choosing to notice this.','usual','undelivered','2020-07-14 22:00:37'),(84,17,98,'Dodo, pointing to Alice a little nervous about this; \'for it might appear to others that what you were down here with me! There are no mice in the other. In the very tones of her childhood: and how.','important','delivered','2020-06-30 09:48:26'),(86,6,86,'The poor little feet, I wonder if I\'ve been changed for any lesson-books!\' And so it was too dark to see the Mock Turtle to the jury, of course--\"I GAVE HER ONE, THEY GAVE HIM TWO--\" why, that must.','usual','undelivered','2020-08-19 19:31:03'),(89,42,78,'Alice. \'Now we shall get on better.\' \'I\'d rather finish my tea,\' said the Cat: \'we\'re all mad here. I\'m mad. You\'re mad.\' \'How do you want to go! Let me see--how IS it to annoy, Because he knows it.','usual','delivered','2021-02-04 17:30:57'),(94,88,91,'But if I\'m not Ada,\' she said, \'for her hair goes in such confusion that she was always ready to play with, and oh! ever so many lessons to learn! No, I\'ve made up my mind about it; and as Alice.','important','undelivered','2020-08-27 10:58:13'),(95,16,71,'Caterpillar The Caterpillar and Alice was not otherwise than what it was: she was to twist it up into the darkness as hard as it happens; and if the Mock Turtle\'s Story \'You can\'t think how glad I.','important','undelivered','2020-11-26 09:19:12'),(97,43,97,'Pool of Tears \'Curiouser and curiouser!\' cried Alice (she was so small as this before, never! And I declare it\'s too bad, that it had entirely disappeared; so the King added in an undertone,.','important','undelivered','2021-02-18 01:17:45');
/*!40000 ALTER TABLE `messages` ENABLE KEYS */;
UNLOCK TABLES;

--
-- Table structure for table `profiles`
--

DROP TABLE IF EXISTS `profiles`;
/*!40101 SET @saved_cs_client     = @@character_set_client */;
/*!50503 SET character_set_client = utf8mb4 */;
CREATE TABLE `profiles` (
  `user_id` int unsigned NOT NULL COMMENT 'Ссылка на пользователя',
  `gender` char(1) CHARACTER SET utf8mb4 COLLATE utf8mb4_unicode_ci NOT NULL COMMENT 'Пол',
  `birthday` date DEFAULT NULL COMMENT 'Дата рождения',
  `city_id` int unsigned DEFAULT NULL COMMENT 'Ссылка на город проживания',
  `created_at` datetime DEFAULT CURRENT_TIMESTAMP COMMENT 'Время создания строки',
  `updated_at` datetime DEFAULT CURRENT_TIMESTAMP ON UPDATE CURRENT_TIMESTAMP COMMENT 'Время обновления строки',
  PRIMARY KEY (`user_id`)
) ENGINE=InnoDB DEFAULT CHARSET=utf8mb4 COLLATE=utf8mb4_unicode_ci COMMENT='Профили';
/*!40101 SET character_set_client = @saved_cs_client */;

--
-- Dumping data for table `profiles`
--

LOCK TABLES `profiles` WRITE;
/*!40000 ALTER TABLE `profiles` DISABLE KEYS */;
INSERT INTO `profiles` VALUES (1,'F','2012-07-27',95,'2020-12-23 16:09:17','2021-05-04 14:24:50'),(2,'F','2019-01-31',41,'2021-01-19 10:56:13','2021-05-04 14:24:50'),(3,'M','2015-04-14',19,'2020-05-31 06:09:23','2021-05-04 14:24:50'),(4,'M','2019-01-22',70,'2020-09-28 06:59:19','2021-05-04 14:24:50'),(5,'F','2021-01-03',94,'2021-04-18 21:02:09','2021-05-04 14:24:50'),(6,'M','2019-09-14',61,'2021-02-26 15:08:05','2021-05-04 14:24:50'),(7,'M','2020-08-17',21,'2021-03-11 21:26:59','2021-05-04 14:24:50'),(8,'M','2017-03-01',21,'2020-05-11 17:08:53','2021-05-04 14:24:50'),(9,'F','2020-10-30',41,'2021-04-05 19:45:20','2021-05-04 14:24:50'),(10,'M','2017-03-05',43,'2020-05-30 13:25:08','2021-05-04 14:24:50'),(11,'M','2020-02-04',90,'2020-07-16 13:05:34','2021-05-04 14:24:50'),(12,'F','2013-09-02',22,'2021-02-03 04:11:57','2021-05-04 14:24:50'),(13,'F','2020-09-10',41,'2020-12-30 19:17:52','2021-05-04 14:24:50'),(14,'F','2020-07-13',36,'2021-02-08 20:42:00','2021-05-04 14:24:50'),(15,'M','2019-09-14',55,'2020-07-19 06:42:39','2021-05-04 14:24:50'),(16,'M','2020-08-06',69,'2021-01-10 05:28:14','2021-05-04 14:24:50'),(17,'M','2016-07-14',80,'2020-09-10 22:23:14','2021-05-04 14:24:50'),(18,'F','2019-01-14',90,'2020-12-23 04:17:42','2021-05-04 14:24:50'),(19,'M','2014-09-14',11,'2020-09-07 01:16:09','2021-05-04 14:24:50'),(20,'M','2015-04-05',83,'2020-10-09 13:25:33','2021-05-04 14:24:50'),(21,'F','2019-05-28',82,'2020-06-26 10:44:11','2021-05-04 14:24:50'),(22,'M','2014-04-24',59,'2020-11-28 12:48:34','2021-05-04 14:24:50'),(23,'M','2017-12-15',50,'2020-08-08 03:38:36','2021-05-04 14:24:50'),(24,'F','2019-06-28',72,'2020-12-31 11:34:12','2021-05-04 14:24:50'),(25,'F','2018-12-08',12,'2020-09-08 07:01:19','2021-05-04 14:24:50'),(26,'F','2014-11-27',41,'2021-04-03 22:23:56','2021-05-04 14:24:50'),(27,'M','2014-01-31',67,'2021-03-21 20:27:52','2021-05-04 14:24:50'),(28,'M','2019-09-13',14,'2020-12-18 02:58:55','2021-05-04 14:24:50'),(29,'F','2011-06-21',67,'2020-09-29 03:03:08','2021-05-04 14:24:50'),(30,'F','2001-04-02',93,'2020-06-17 06:17:51','2021-05-04 14:41:58'),(31,'M','2012-07-10',63,'2020-10-22 22:32:44','2021-05-04 14:24:50'),(32,'F','2015-01-28',37,'2020-05-26 20:40:17','2021-05-04 14:24:50'),(33,'M','2011-09-28',97,'2020-10-20 17:04:59','2021-05-04 14:24:50'),(34,'F','2020-01-10',70,'2020-12-20 05:25:33','2021-05-04 14:24:50'),(35,'F','2017-06-28',61,'2020-06-06 14:03:23','2021-05-04 14:24:50'),(36,'M','2016-12-27',93,'2020-08-15 21:46:00','2021-05-04 14:24:50'),(37,'M','2012-01-15',80,'2020-11-26 13:27:59','2021-05-04 14:24:50'),(38,'M','2011-09-27',24,'2020-12-25 06:54:40','2021-05-04 14:24:50'),(39,'F','2012-09-10',78,'2021-04-20 02:27:30','2021-05-04 14:24:50'),(40,'F','2017-03-27',17,'2020-09-13 02:29:21','2021-05-04 14:24:50'),(41,'F','2011-05-26',49,'2021-02-12 11:10:15','2021-05-04 14:24:50'),(42,'F','2013-03-02',95,'2021-01-23 01:48:22','2021-05-04 14:24:50'),(43,'M','2018-02-10',27,'2020-05-29 20:15:36','2021-05-04 14:24:50'),(44,'M','2012-08-25',50,'2021-03-25 09:31:49','2021-05-04 14:24:50'),(45,'M','2020-02-27',70,'2020-09-03 00:56:19','2021-05-04 14:24:50'),(46,'M','2016-10-22',100,'2020-05-18 16:17:57','2021-05-04 14:24:50'),(47,'M','2013-06-29',87,'2020-06-09 06:25:13','2021-05-04 14:24:50'),(48,'M','2011-12-28',36,'2020-08-16 01:08:57','2021-05-04 14:24:50'),(49,'F','2011-11-19',16,'2020-12-05 02:55:39','2021-05-04 14:24:50'),(50,'M','2016-10-10',75,'2020-12-25 05:05:31','2021-05-04 14:24:50'),(51,'F','2000-05-24',25,'2021-02-12 09:10:58','2021-05-04 14:47:58'),(52,'M','2012-04-10',99,'2020-08-27 23:34:17','2021-05-04 14:24:50'),(53,'M','2018-05-31',18,'2020-10-23 18:40:59','2021-05-04 14:24:50'),(54,'M','2018-04-04',94,'2020-09-29 01:23:26','2021-05-04 14:24:50'),(55,'M','2012-02-29',16,'2021-04-07 18:26:31','2021-05-04 14:24:50'),(56,'F','2014-04-20',97,'2020-08-04 20:22:10','2021-05-04 14:24:50'),(57,'F','2015-08-16',39,'2020-10-21 16:56:00','2021-05-04 14:24:50'),(58,'M','2014-02-15',100,'2021-01-11 14:43:51','2021-05-04 14:24:50'),(59,'M','2019-06-14',82,'2020-08-29 10:57:43','2021-05-04 14:24:50'),(60,'M','2016-04-28',13,'2020-12-22 02:43:04','2021-05-04 14:24:50'),(61,'M','2020-06-13',15,'2020-08-25 06:02:52','2021-05-04 14:24:50'),(62,'F','2013-07-22',37,'2021-01-09 10:56:11','2021-05-04 14:24:50'),(63,'F','2017-06-14',40,'2020-05-11 12:05:05','2021-05-04 14:24:50'),(64,'M','2016-01-14',87,'2020-11-18 16:02:52','2021-05-04 14:24:50'),(65,'F','2013-06-12',17,'2021-04-27 03:49:34','2021-05-04 14:24:50'),(66,'F','2019-03-30',22,'2021-02-06 18:17:53','2021-05-04 14:24:50'),(67,'M','2015-05-16',58,'2021-03-23 14:52:48','2021-05-04 14:24:50'),(68,'M','2016-05-12',24,'2021-03-15 08:56:59','2021-05-04 14:24:50'),(69,'F','2017-12-07',46,'2021-02-03 15:35:06','2021-05-04 14:24:50'),(70,'F','2015-04-14',57,'2020-11-29 22:07:49','2021-05-04 14:24:50'),(71,'M','2002-01-16',47,'2020-05-09 23:19:12','2021-05-04 14:48:35'),(72,'M','2020-10-31',64,'2021-04-04 22:44:46','2021-05-04 14:24:50'),(73,'M','2012-03-16',77,'2020-11-12 12:37:21','2021-05-04 14:24:50'),(74,'F','2019-08-18',93,'2020-09-16 05:04:52','2021-05-04 14:24:50'),(75,'M','2017-02-08',34,'2020-11-16 15:34:09','2021-05-04 14:24:50'),(76,'M','2011-06-06',90,'2020-12-09 20:28:54','2021-05-04 14:24:50'),(77,'F','2017-06-27',46,'2020-10-24 06:44:01','2021-05-04 14:24:50'),(78,'M','2020-07-01',59,'2021-03-21 19:50:19','2021-05-04 14:24:50'),(79,'F','2015-05-30',60,'2020-06-10 14:03:56','2021-05-04 14:24:50'),(80,'F','2016-12-05',19,'2020-08-08 13:33:38','2021-05-04 14:24:50'),(81,'M','2015-09-30',17,'2020-04-30 21:26:13','2021-05-04 14:24:50'),(82,'F','2011-05-20',29,'2020-10-17 13:43:36','2021-05-04 14:24:50'),(83,'M','2019-01-13',91,'2021-04-06 14:10:55','2021-05-04 14:24:50'),(84,'F','2012-06-20',68,'2020-09-13 20:48:22','2021-05-04 14:24:50'),(85,'M','2020-04-06',66,'2021-03-11 16:29:01','2021-05-04 14:24:50'),(86,'F','2014-05-20',24,'2020-07-17 22:55:29','2021-05-04 14:24:50'),(87,'F','2016-07-20',24,'2021-01-06 05:21:38','2021-05-04 14:24:50'),(88,'M','2015-03-27',46,'2020-05-24 21:17:29','2021-05-04 14:24:50'),(89,'F','2015-08-28',59,'2020-05-04 05:51:15','2021-05-04 14:24:50'),(90,'F','2018-06-01',57,'2020-10-13 19:02:28','2021-05-04 14:24:50'),(91,'M','2014-06-28',6,'2020-12-12 22:53:46','2021-05-04 14:24:50'),(92,'F','2014-02-19',60,'2021-01-13 09:03:53','2021-05-04 14:24:50'),(93,'F','2013-11-08',80,'2021-01-08 20:21:06','2021-05-04 14:24:50'),(94,'F','2020-04-27',21,'2021-01-14 16:37:26','2021-05-04 14:24:50'),(95,'M','2017-02-15',65,'2020-05-17 02:52:44','2021-05-04 14:24:50'),(96,'M','2013-11-26',59,'2021-04-16 06:57:19','2021-05-04 14:24:50'),(97,'M','2014-01-30',100,'2020-05-04 21:32:12','2021-05-04 14:24:50'),(98,'M','2018-07-16',22,'2020-05-13 18:02:11','2021-05-04 14:24:50'),(99,'F','2018-07-08',8,'2021-02-03 16:38:37','2021-05-04 14:24:50'),(100,'M','2001-04-26',77,'2020-06-01 13:16:54','2021-05-04 14:49:06');
/*!40000 ALTER TABLE `profiles` ENABLE KEYS */;
UNLOCK TABLES;

--
-- Table structure for table `users`
--

DROP TABLE IF EXISTS `users`;
/*!40101 SET @saved_cs_client     = @@character_set_client */;
/*!50503 SET character_set_client = utf8mb4 */;
CREATE TABLE `users` (
  `id` int unsigned NOT NULL AUTO_INCREMENT COMMENT 'Идентификатор строки',
  `first_name` varchar(100) CHARACTER SET utf8mb4 COLLATE utf8mb4_unicode_ci NOT NULL COMMENT 'Имя пользователя',
  `last_name` varchar(100) CHARACTER SET utf8mb4 COLLATE utf8mb4_unicode_ci NOT NULL COMMENT 'Фамилия пользователя',
  `email` varchar(100) CHARACTER SET utf8mb4 COLLATE utf8mb4_unicode_ci NOT NULL COMMENT 'Почта',
  `phone` varchar(100) CHARACTER SET utf8mb4 COLLATE utf8mb4_unicode_ci NOT NULL COMMENT 'Телефон',
  `created_at` datetime DEFAULT CURRENT_TIMESTAMP COMMENT 'Время создания строки',
  `updated_at` datetime DEFAULT CURRENT_TIMESTAMP ON UPDATE CURRENT_TIMESTAMP COMMENT 'Время обновления строки',
  PRIMARY KEY (`id`),
  UNIQUE KEY `email` (`email`),
  UNIQUE KEY `phone` (`phone`)
) ENGINE=InnoDB AUTO_INCREMENT=101 DEFAULT CHARSET=utf8mb4 COLLATE=utf8mb4_unicode_ci COMMENT='Пользователи';
/*!40101 SET character_set_client = @saved_cs_client */;

--
-- Dumping data for table `users`
--

LOCK TABLES `users` WRITE;
/*!40000 ALTER TABLE `users` DISABLE KEYS */;
INSERT INTO `users` VALUES (1,'Hollis','Heaney','kirlin.velma@example.com','609.692.3354x747','2015-03-24 20:48:30','2021-05-04 13:12:11'),(2,'Missouri','Volkman','rose.baumbach@example.net','(573)169-2571x62709','2015-09-03 17:16:13','2020-12-04 16:34:52'),(3,'Shanna','Williamson','kunze.torrance@example.org','123.281.1626x37758','2019-11-01 05:48:01','2021-01-11 18:45:38'),(4,'Kenton','DuBuque','jillian.bernier@example.org','529.324.8741x5325','2013-02-12 09:10:24','2018-06-12 21:14:00'),(5,'Marianne','Fahey','zkerluke@example.net','(316)349-4104x16670','2012-07-14 20:54:46','2013-03-06 00:52:06'),(6,'Victor','Hettinger','tiara.kassulke@example.com','+17(3)0930013074','2021-03-23 00:19:58','2021-05-04 13:12:11'),(7,'Leone','Paucek','missouri.jenkins@example.net','002-456-3635x1189','2020-07-14 23:17:29','2021-05-04 13:12:11'),(8,'Damion','Vandervort','sid.mills@example.com','334.959.0548x26446','2019-01-03 17:15:40','2021-05-04 13:12:11'),(9,'Linwood','Mante','antwan.bogan@example.net','349.724.0435','2014-03-26 01:58:50','2021-05-04 13:12:11'),(10,'Cora','Breitenberg','vlowe@example.org','1-506-473-4829x92606','2015-06-21 03:04:02','2020-11-13 00:37:36'),(11,'Monica','Ondricka','mckenzie.chasity@example.net','(400)152-2021x3836','2020-10-14 18:24:16','2021-05-04 13:12:11'),(12,'Krystina','Rolfson','ola.batz@example.net','+22(1)5129395272','2017-07-15 01:22:34','2021-05-04 13:12:11'),(13,'Eleanora','Klein','barton.lonzo@example.org','05330288806','2020-05-31 03:28:22','2021-05-04 13:12:11'),(14,'Diana','Torphy','qmurphy@example.net','315.878.4337x527','2020-12-07 23:11:13','2021-05-04 13:12:11'),(15,'Elouise','Turner','vance68@example.org','02758613479','2014-12-13 21:20:35','2015-08-04 07:05:54'),(16,'Loyce','Hermann','iheller@example.net','(356)384-6171x4928','2016-06-25 16:23:44','2021-05-04 13:12:11'),(17,'Tiara','Turcotte','verna43@example.org','1-387-171-0732x250','2011-12-04 12:09:03','2019-03-06 16:43:41'),(18,'Kristin','Tromp','amy67@example.org','(360)576-6788x094','2011-08-20 23:08:44','2014-01-25 02:47:53'),(19,'Jedidiah','Toy','haley.pattie@example.com','307-897-1205x5719','2018-08-06 07:47:58','2019-12-20 16:46:09'),(20,'Ashly','Kris','shields.roxane@example.org','1-607-448-5196','2021-01-01 21:46:33','2021-05-04 13:12:11'),(21,'Horace','Collins','cassandre.rippin@example.org','273-806-6888x49984','2014-01-17 02:01:37','2021-05-04 13:12:11'),(22,'Ayden','Jacobi','herzog.tania@example.com','(184)242-0042x67556','2012-10-27 03:01:50','2013-05-11 07:31:37'),(23,'Blaise','Collins','ida93@example.net','(852)152-5751x810','2013-05-11 20:32:24','2020-02-15 11:26:18'),(24,'Samantha','Schultz','glover.eudora@example.com','(480)936-3368','2012-01-30 16:08:10','2017-06-14 18:25:01'),(25,'Gabriella','Effertz','nakia.hammes@example.net','(352)284-6046','2015-05-28 16:25:10','2021-05-04 13:12:11'),(26,'Emilie','Ernser','walter.briana@example.org','+33(0)5354062398','2017-03-11 21:44:31','2021-05-04 13:12:11'),(27,'Jamey','Yost','osbaldo13@example.com','(791)084-3169x299','2012-11-15 14:33:51','2014-04-18 12:37:21'),(28,'Gussie','Kreiger','shields.dillon@example.net','(086)587-9625x378','2012-10-13 16:40:04','2013-08-28 23:20:09'),(29,'Lula','Douglas','shields.tevin@example.net','397.834.8252','2013-02-21 19:59:19','2020-02-17 00:23:25'),(30,'Fernando','Ondricka','dubuque.jaunita@example.net','(298)524-3477','2011-08-02 08:20:42','2014-12-18 15:48:08'),(31,'Angeline','Weimann','brendon.green@example.net','205-698-9750','2013-11-13 23:43:50','2021-05-04 13:12:11'),(32,'Pattie','Reichert','gerhard.ernser@example.com','326-484-3484','2013-11-17 07:04:18','2021-05-04 13:12:11'),(33,'Sofia','Kub','joesph.boyer@example.org','1-219-235-8272x18066','2017-03-26 20:26:50','2017-10-03 05:02:59'),(34,'Kane','Hammes','demetris.cartwright@example.com','(472)409-3465','2015-07-27 12:05:34','2018-10-18 20:15:24'),(35,'Roman','Corwin','mertie78@example.org','663.968.0928x5903','2017-03-28 16:56:19','2021-05-04 13:12:11'),(36,'Jacky','Keebler','lisandro.shanahan@example.com','+70(7)5669106768','2014-05-27 14:18:09','2021-01-11 20:54:51'),(37,'Selena','Hyatt','nicole84@example.com','587.425.5979','2016-01-02 18:23:00','2021-05-04 13:12:11'),(38,'Abdul','Swift','king.kayden@example.com','1-272-404-6167x44280','2015-05-04 16:59:01','2018-09-29 21:05:15'),(39,'Ned','Wyman','kurt63@example.net','1-344-759-6481x66939','2019-10-09 01:18:11','2021-05-04 13:12:11'),(40,'Camilla','Barton','quincy.blanda@example.org','795-660-7525x4275','2011-06-23 01:03:46','2015-04-14 00:02:10'),(41,'Margret','Strosin','elvera.hintz@example.org','(761)264-3327','2014-04-09 22:47:15','2021-05-04 13:12:11'),(42,'Alexandrine','Kutch','ubalistreri@example.org','1-578-507-1373x3353','2012-11-12 15:13:02','2013-03-19 00:43:56'),(43,'Annabel','Rodriguez','willa96@example.com','1-828-103-9317x6321','2014-02-27 20:01:34','2016-11-30 05:09:13'),(44,'Ferne','Wuckert','ivy.kuhic@example.com','+13(7)6685304741','2021-04-17 23:17:33','2021-05-04 13:12:11'),(45,'Kody','Williamson','mgaylord@example.net','261-419-1743x9864','2014-12-10 08:52:15','2015-02-19 07:40:33'),(46,'Sammie','Macejkovic','agnes.braun@example.org','(827)730-9997','2020-08-31 19:40:31','2021-05-04 13:12:11'),(47,'Tito','Zboncak','rowe.norene@example.org','553.088.1531x5445','2018-10-31 22:16:03','2021-05-04 13:12:11'),(48,'Daija','Stehr','adolphus18@example.com','(856)939-8260x9039','2014-05-14 15:11:23','2014-07-08 03:09:29'),(49,'Izaiah','Baumbach','ferry.annamarie@example.org','1-806-913-5205','2015-04-28 04:51:06','2020-07-25 23:50:46'),(50,'Ellen','Koch','vfranecki@example.net','(203)526-7646x91937','2019-06-17 19:09:26','2021-05-04 13:12:11'),(51,'Isaiah','Langworth','brekke.ernestina@example.org','07600271476','2019-04-19 11:26:38','2021-05-04 13:12:11'),(52,'Newton','Murray','joey.wolf@example.com','1-545-375-3228x749','2016-12-01 18:23:51','2021-05-04 13:12:11'),(53,'Janie','Price','haleigh.koch@example.org','722.316.9089x8440','2020-02-04 23:11:22','2020-09-02 07:50:26'),(54,'Margaretta','Weber','garett.kutch@example.com','(490)037-3508x83822','2016-12-05 07:47:39','2019-04-11 19:16:11'),(55,'Garett','Hessel','nolan.adela@example.net','+77(1)0496789652','2014-02-15 01:47:12','2016-06-08 01:48:52'),(56,'Odie','Wilkinson','bennett.johnston@example.org','1-447-465-3599','2014-06-30 21:39:33','2018-02-19 23:24:04'),(57,'Retta','Frami','qgrady@example.org','1-935-518-0329x6840','2015-10-06 10:08:21','2021-05-04 13:12:11'),(58,'Reinhold','Dickinson','arden.heaney@example.net','1-246-926-0601','2019-05-24 18:12:05','2021-05-04 13:12:11'),(59,'Morris','Pfeffer','ihaag@example.net','1-308-077-6977x53047','2013-06-17 00:31:38','2015-01-14 01:24:47'),(60,'Katelynn','Bode','labadie.cleora@example.com','036-650-2108x8772','2018-01-01 04:13:41','2021-05-04 13:12:11'),(61,'Logan','Schamberger','maribel39@example.org','453-369-7521','2018-09-25 11:48:15','2021-05-04 13:12:11'),(62,'Aubrey','Rice','tad.rohan@example.net','(820)847-0900x3579','2014-04-12 19:06:05','2015-12-03 22:00:37'),(63,'Allan','Bailey','hhuels@example.net','267.980.1332x80510','2011-10-23 00:56:52','2020-01-02 12:21:18'),(64,'Trever','Upton','ashly31@example.net','615.677.5680x0995','2012-07-27 04:23:24','2018-10-14 03:12:50'),(65,'Mireille','Smitham','jillian02@example.net','(300)042-5527x9966','2012-12-20 04:52:45','2020-04-17 11:13:42'),(66,'Rozella','Erdman','ghodkiewicz@example.org','(662)110-7015','2013-11-23 04:50:56','2021-01-23 02:16:40'),(67,'Gerry','Jones','magali17@example.org','(610)070-9887','2014-01-11 03:28:59','2020-04-24 10:11:45'),(68,'Sean','Olson','mpfannerstill@example.com','(472)666-1681','2019-02-21 16:18:12','2020-05-25 18:44:11'),(69,'Nels','Howe','alayna98@example.org','1-107-543-7326x8274','2018-07-01 06:58:31','2021-05-04 13:12:11'),(70,'Ansley','Schinner','wprice@example.net','+25(6)8279544300','2020-08-14 20:25:21','2021-05-04 13:12:11'),(71,'Gudrun','Predovic','russel.camila@example.net','+39(6)6439759766','2018-06-03 21:20:53','2021-04-19 16:47:25'),(72,'Clint','Wehner','madeline43@example.com','099.610.2719','2017-06-12 13:41:07','2021-05-04 13:12:11'),(73,'Julie','Hilll','rosella29@example.org','(834)579-9430','2014-06-28 09:16:31','2018-09-20 18:00:17'),(74,'Mustafa','Abshire','vgottlieb@example.org','(599)348-6992x90123','2011-10-18 09:39:45','2012-11-16 08:16:15'),(75,'Miracle','Brown','jennings.shanahan@example.com','1-337-900-3157','2016-09-05 19:29:55','2021-05-04 13:12:11'),(76,'Dorris','Sporer','vincenzo49@example.org','+90(6)5288030780','2019-12-06 00:32:52','2020-01-14 07:19:01'),(77,'Aron','Kiehn','qrunolfsson@example.org','549-146-1082','2018-11-06 01:15:45','2020-05-31 22:06:22'),(78,'Sanford','Ledner','qbeatty@example.com','1-188-091-6684','2013-02-19 20:31:56','2021-05-04 13:12:11'),(79,'Dock','Conn','constance.casper@example.net','(296)241-9849x3172','2013-06-08 21:35:08','2017-03-15 16:44:38'),(80,'Hulda','Reilly','urogahn@example.com','(959)682-1402','2011-07-21 05:23:38','2020-12-26 00:04:00'),(81,'Aniyah','Dietrich','josianne12@example.com','939-377-0692','2017-02-20 13:25:42','2021-05-04 13:12:11'),(82,'Alanna','Effertz','evert45@example.com','506-261-3083x64723','2017-07-21 01:03:57','2019-09-06 07:29:31'),(83,'Jan','Bergnaum','ricardo27@example.net','1-077-303-4441x3634','2017-05-27 12:30:22','2021-05-04 13:12:11'),(84,'Lacey','Daniel','ntromp@example.com','729.241.1264','2017-08-22 01:19:38','2021-05-04 13:12:11'),(85,'Filomena','Flatley','econroy@example.org','1-932-922-6773','2019-08-22 09:39:22','2021-05-04 13:12:11'),(86,'Jaylon','McGlynn','mrempel@example.org','1-034-761-5012x12050','2012-12-03 09:33:03','2016-03-07 10:23:18'),(87,'Kyla','Funk','norene76@example.org','(267)158-8560','2019-10-27 17:36:52','2021-05-04 13:12:11'),(88,'Katelynn','Shanahan','qcartwright@example.org','1-543-381-1185x0374','2018-11-24 20:44:47','2021-05-04 13:12:11'),(89,'Dewayne','Murphy','vspencer@example.org','947.534.0965x771','2018-11-04 04:59:39','2021-05-04 13:12:11'),(90,'Abigail','Yundt','wyman.legros@example.com','(629)819-6501x7738','2014-07-23 09:21:52','2021-05-04 13:12:11'),(91,'Aiyana','McLaughlin','ondricka.octavia@example.org','191.108.1794','2015-04-14 11:03:13','2018-01-24 13:56:09'),(92,'Cade','West','margot60@example.org','046-656-1794','2017-09-28 07:36:41','2021-05-04 13:12:11'),(93,'Kacey','Brekke','uwisoky@example.com','213.922.4800x7132','2015-06-19 11:24:28','2016-06-19 06:25:52'),(94,'Chadrick','Mosciski','mosciski.else@example.org','409-194-7212','2015-08-16 21:34:13','2021-05-04 13:12:11'),(95,'Bryce','Cole','frances.littel@example.com','02047036766','2020-04-07 06:30:52','2021-05-04 13:12:11'),(96,'Shad','Ebert','tremblay.mohamed@example.org','041-723-4317x055','2012-10-10 23:38:19','2021-05-04 13:12:11'),(97,'Shannon','Dooley','mohr.hobart@example.org','(809)220-2571','2012-06-28 04:07:20','2016-05-28 15:40:34'),(98,'Ruth','Terry','justine.adams@example.com','+86(9)0640262578','2018-10-04 22:31:32','2021-05-04 13:12:11'),(99,'Alvena','Smith','daryl55@example.com','163.479.6920','2019-11-15 18:18:24','2021-05-04 13:12:11'),(100,'Horacio','Toy','clara65@example.net','1-040-764-6499x0080','2019-08-29 20:48:59','2021-05-04 13:12:11');
/*!40000 ALTER TABLE `users` ENABLE KEYS */;
UNLOCK TABLES;
/*!40103 SET TIME_ZONE=@OLD_TIME_ZONE */;

/*!40101 SET SQL_MODE=@OLD_SQL_MODE */;
/*!40014 SET FOREIGN_KEY_CHECKS=@OLD_FOREIGN_KEY_CHECKS */;
/*!40014 SET UNIQUE_CHECKS=@OLD_UNIQUE_CHECKS */;
/*!40101 SET CHARACTER_SET_CLIENT=@OLD_CHARACTER_SET_CLIENT */;
/*!40101 SET CHARACTER_SET_RESULTS=@OLD_CHARACTER_SET_RESULTS */;
/*!40101 SET COLLATION_CONNECTION=@OLD_COLLATION_CONNECTION */;
/*!40111 SET SQL_NOTES=@OLD_SQL_NOTES */;

-- Dump completed on 2021-05-05 11:32:25
